{
  "gps" : [
    {
      "lat" : "22.5795",
      "lon" : "113.921071"
    },
    {
      "lat" : "22.579472",
      "lon" : "113.919464"
    },
    {
      "lat" : "22.579350",
      "lon" : "113.921100"
    },
    {
      "lat" : "22.572273",
      "lon" : "113.921106"
    },
    {
      "lat" : "22.574348",
      "lon" : "113.921089"
    },
    {
      "lat" : "22.576385",
      "lon" : "113.921067"
    },
    {
      "lat" : "22.579391",
      "lon" : "113.921087"
    },
    {
      "lat" : "22.578324",
      "lon" : "113.921134"
    },
    {
      "lat" : "22.577307",
      "lon" : "113.921146"
    }
  ]
}
